Kilde,Mål,Type,Format
"/casino-spil-en-virtuel-verden-af-underholdning","/casino-spil/","301","plain"
"/online-casinoer","/online-casino/","301","plain"
"/casinoer/chanz","/online-casino/chanz/","301","plain"
"/casinoer/casino999","/online-casino/casino999/","301","plain"
"/casinoer/spilleboden","/online-casino/spilleboden/","301","plain"
"/casinoer/expekt","/online-casino/expekt/","301","plain"
"/casinoer/nordicbet","/online-casino/nordicbet/","301","plain"
"/casinoer/kapow-casino","/online-casino/kapow-casino/","301","plain"
"/casinoer/leovegas","/online-casino/leovegas/","301","plain"
"/casinoer/videoslots","/online-casino/videoslots/","301","plain"
"/casinoer/betsson","/online-casino/betsson/","301","plain"
"/casinoer/mrgreen","/online-casino/mrgreen/","301","plain"
"/casinoer/royal-casino","/online-casino/royal-casino/","301","plain"
"/casinoer/comeon","/online-casino/comeon/","301","plain"
"/casinoer/onecasino","/online-casino/onecasino/","301","plain"
"/casinoer/next-casino","/online-casino/next-casino/","301","plain"
"/casinoer/casino-luck","/online-casino/casino-luck/","301","plain"
"/casinoer/betinia","/online-casino/betinia/","301","plain"
"/casinoer/mr-vegas","/online-casino/mr-vegas/","301","plain"
"/casinoer/mr-play","/online-casino/mr-play/","301","plain"
"/casinoer/jackie-jackpot","/online-casino/jackie-jackpot/","301","plain"
"/casinoer/casino-dk","/online-casino/casino-dk/","301","plain"
"/casinoer/simba-games","/online-casino/simba-games/","301","plain"
"/casinoer/888","/online-casino/888/","301","plain"
"/casinoer/tombola","/online-casino/tombola/","301","plain"
"/casinoer/spilnu-dk","/online-casino/spilnu-dk/","301","plain"
"/casinoer/komogvind-dk","/online-casino/komogvind-dk/","301","plain"
"/casino-software","/spiludviklere/","301","plain"
"/roulette-historie","/roulette/","301","plain"
"/casino-bonuskoder","/casino-bonus/bonuskoder/","301","plain"
"/indbetalingsbonus","/casino-bonus/indbetalingsbonus/","301","plain"
"/cashback","/casino-bonus/cashback/","301","plain"
"/velkomstbonus","/casino-bonus/velkomstbonus/","301","plain"
"/pragmatic-play","/spiludviklere/pragmatic-play/","301","plain"
"/online-casino/888","/online-casino/888-casino/","301","plain"
"/vind-penge-online-med-igaming","/vind-penge-online/","301","plain"
"/spil-kategori/spillemaskiner","/online-spillemaskiner/","301","plain"
"/casino-kategorier/mobilepay-casino","/betalingsmetoder/mobilepay/","301","plain"
"/casino-kategorier/gratis-spins","/free-spins-i-dag/","301","plain"
"/casino-kategorier/skrill-casino","/betalingsmetoder/skrill/","301","plain"
"/casino-kategorier/paypal-casino","/betalingsmetoder/paypal/","301","plain"
"/casino-kategorier/neteller-casino","/betalingsmetoder/neteller/","301","plain"
"/casino-kategorier/sports-betting","/betting-sider/","301","plain"
"/casino-kategorier/trustly-casino","/betalingsmetoder/trustly/","301","plain"
"/casino-kategorier/live-casino","/live-casino/","301","plain"
"/spiludviklere/playn-go","/spiludviklere/play-n-go/","301","plain"
"/roulette-2","/roulette/","301","plain"
"/online-casino/leovegas-matchbonus","/online-casino/leovegas/","301","plain"
"/online-casino/highroller","/highroller-casino/","301","plain"
"/bm/trustly","/betalingsmetoder/trustly/","301","plain"
"/bm/mobilepay","/betalingsmetoder/mobilepay/","301","plain"
"/bm/mastercard","/betalingsmetoder/mastercard/","301","plain"
"/bm/skrill","/betalingsmetoder/skrill/","301","plain"
"/bm/paysafecard","/betalingsmetoder/paysafecard/","301","plain"
"/bm/visa","/betalingsmetoder/visa/","301","plain"
"/bm/zimpler","/betalingsmetoder/zimpler/","301","plain"
"/bm/paypal","/betalingsmetoder/paypal/","301","plain"
"/bm/neteller","/betalingsmetoder/neteller/","301","plain"
"/bm/muchbetter","/betalingsmetoder/muchbetter/","301","plain"
"/bm/payz","/betalingsmetoder/payz/","301","plain"
"/gratis-spins","/free-spins-til-eksisterende-kunder/","301","plain"
"/bonus/faa-10-cash-spins-paa-legion-gold-victory-hver-dag","/bonus/faa-10-cash-spins-dagligt-til-immortal-5/","301","plain"
"/bonus/faa-50-spins-til-big-bass-amazon-xtreme","/bonus/brandvarm-maanedbonus/","301","plain"
"/bonus/faa-80-cash-spins-til-eggsponential","/bonus/bag-bass-vegas/","301","plain"
"/online-casino/betinia-sport","/online-casino/betinia/","301","plain"
"/online-casino/campobet-sport","/online-casino/campobet/","301","plain"
"/online-casino/expekt-sport","/online-casino/expekt/","301","plain"
"/online-casino/comeon-sport","/online-casino/comeon/","301","plain"
"/online-casino/leovegas-sport","/online-casino/leovegas/","301","plain"
"/online-casino/getlucky-sport","/online-casino/getlucky/","301","plain"
"/nye-casino-bonusser-019-05-2025","/nye-casino-bonusser-19-05-2025/","301","plain"
"/online-spillemaskiner/the-hand-of-midas-2","/online-spillemaskiner/the-hand-of-midas/","301","plain"
"/online-spillemaskiner/sugar-supreme-powernudge-2","/online-spillemaskiner/sugar-supreme-powernudg/","301","plain"
"/online-spillemaskiner/floating-dragon-hold-and-spin","/online-spillemaskiner/floating-dragon-megaways-hold-and-spin/","301","plain"
"/hannibal-kaplan","/redaktion/hannibal-kaplan/","301","plain"
"/nye-casino-bonusser-07-08-202521","/nye-casino-bonusser-07-08-2025/","301","plain"
"/online-casino/pragmatic-play-casinoer","/pragmatic-play-casinoer/","301","plain"
"/nye-casino-bonusser-13-08-2025","/free-spins-til-eksisterende-kunder/","301","plain"
"/nye-casino-bonusser-11-08-2025","/free-spins-til-eksisterende-kunder/","301","plain"
"/nye-casino-bonusser-08-08-2025","/free-spins-til-eksisterende-kunder/","301","plain"
"/nye-casino-bonusser-07-08-2025","/free-spins-til-eksisterende-kunder/","301","plain"
"/nye-casino-bonusser-06-08-2025","/free-spins-til-eksisterende-kunder/","301","plain"
"/nye-casino-bonusser-04-08-2025","/free-spins-til-eksisterende-kunder/","301","plain"
"/nye-casino-bonusser-19-05-2025","/free-spins-til-eksisterende-kunder/","301","plain"
"/nye-casino-bonusser-07-05-2025","/free-spins-til-eksisterende-kunder/","301","plain"
"/nye-casino-bonusser-06-05-2025","/free-spins-til-eksisterende-kunder/","301","plain"
"/nye-casino-bonusser-05-05-2025","/free-spins-til-eksisterende-kunder/","301","plain"
"/nye-casino-bonusser-03-05-2025","/free-spins-til-eksisterende-kunder/","301","plain"
"/nye-casino-bonusser-02-05-2025","/free-spins-til-eksisterende-kunder/","301","plain"
"/nye-casino-bonusser-01-05-2025","/free-spins-til-eksisterende-kunder/","301","plain"
"/online-casino-2","/guides/online-casino-2/","301","plain"
"/guides/online-casino-2","/guides/online-casino/","301","plain"
"/hvordan-fungerer-et-online-casino","/guides/online-casino/hvordan-fungerer-et-online-casino/","301","plain"
"/regler-for-online-casino-i-danmark","/guides/online-casino/regler-for-online-casino-i-danmark/","301","plain"
"/vaelg-det-rigtige-online-casino","/guides/online-casino/vaelg-det-rigtige-online-casino/","301","plain"
"/saadan-spotter-du-userioese-casinoer","/guides/online-casino/saadan-spotter-du-userioese-casinoer/","301","plain"
"/bonusser","/guides/bonusser/","301","plain"
"/hvad-er-gennemspilskrav","/guides/bonusser/hvad-er-gennemspilskrav/","301","plain"
"/hvad-er-online-casino-bonuskoder","/guides/bonusser/hvad-er-online-casino-bonuskoder/","301","plain"
"/hvordan-fungerer-en-cashback-bonus","/guides/bonusser/hvordan-fungerer-en-cashback-bonus/","301","plain"
"/hvordan-fungerer-loyalitetsbonusser","/guides/bonusser/hvordan-fungerer-loyalitetsbonusser/","301","plain"
"/nye-casino-bonusser-15-08-2025","/free-spins-til-eksisterende-kunder/","301","plain"
"/nye-casino-bonusser-18-08-2025","/free-spins-til-eksisterende-kunder/","301","plain"
"/indbetaling","/betalingsmetoder/paypal/indbetaling/","301","plain"
"/udbetaling","/betalingsmetoder/paypal/udbetaling/","301","plain"
"/bonus-kategori/bonus-til-eksisterende-kunder","/bonus-kategori/free-spins-til-eksisterende-kunder/","301","plain"
"/spilleautomaten-5-spins-john-hunter-book-of-the-fallen","/free-spins-til-eksisterende-kunder/","301","plain"
"/free-spins-i-dag","/free-spins-til-eksisterende-kunder/","301","plain"
"/asdadasdsss","/spilleautomaten-100-indbetalingsbonus-le-series-slots/","301","plain"
"/888casino-88kr-bonus-til-spilleautomater","/casino-bonus/bonuskoder/","301","plain"
"/royalcasino-faa-50-spins-til-book-of-vikings","/free-spins-til-eksisterende-kunder/","301","plain"
"/kapowcasino-20-spins-luckys-wild-pub","/free-spins-til-eksisterende-kunder/","301","plain"
"/netbet-free-spins-shining-crown","/free-spins-til-eksisterende-kunder/","301","plain"
"/spilleautomaten-100-indbetalingsbonus-le-series-slots","/casino-bonus/indbetalingsbonus/","301","plain"
"/vindercasino-100-spins-dead-men-walking-bonus","/free-spins-til-eksisterende-kunder/","301","plain"
"/betano-10-gratis-spins-birthday","/free-spins-til-eksisterende-kunder/","301","plain"
"/royalcasino-gratis-spins-captain-kraken-megaways-bonus","/free-spins-til-eksisterende-kunder/","301","plain"
"/betano-10-gratis-spins-danish-flip","/free-spins-til-eksisterende-kunder/","301","plain"
"/netbet-70-free-spins-gates-of-olympus-onsdag","/free-spins-til-eksisterende-kunder/","301","plain"
"/spilleautomaten-100-indbetalingsbonus-til-stakelogic-slots","/casino-bonus/indbetalingsbonus/","301","plain"
"/betano-15-free-spins-danish-flip","/free-spins-til-eksisterende-kunder/","301","plain"
"/royalcasino-30-spins-gonzos-quest-megaways-bonus","/free-spins-til-eksisterende-kunder/","301","plain"
"/kapowcasino-40-spins-aztec-gems-megaways-gold-blitz-extreme","/free-spins-til-eksisterende-kunder/","301","plain"
"/netbet-70-free-spins-big-bass-splash","/free-spins-til-eksisterende-kunder/","301","plain"
"/kapowcasino-mandags-spins-big-bass-amazon-xtreme","/free-spins-til-eksisterende-kunder/","301","plain"
"/netbet-5-procent-cashback-push-gaming-slots","/casino-bonus/cashback/","301","plain"
"/no-sticky-bonus","/casino-bonus/no-sticky-bonus/","301","plain"
"/royalcasino-gratis-spins-mega-cash-boost-hold-and-win","/free-spins-til-eksisterende-kunder/","301","plain"
"/netbet-70-gratis-spins-gates-of-olympus-onsdag","/free-spins-i-dag/onsdags-free-spins/","301","plain"
"/royalcasino-100-spins-til-aztec-gems-megaways","/free-spins-til-eksisterende-kunder/","301","plain"
"/vindercasino-10-gratis-spins-dagligt-til-land-of-riches","/free-spins-til-eksisterende-kunder/","301","plain"
"/mr-green-25-cash-spins-vampy-party-50kr","/free-spins-til-eksisterende-kunder/","301","plain"
"/vindercasino-100kr-bonus-gonzos-quest-2","/free-spins-til-eksisterende-kunder/","301","plain"
"/spilleautomaten-fire-joker-100-5-gratis-spins-uden-indbetaling","/free-spins-uden-indbetaling/","301","plain"
"/casino-kampagner/mrgreen-100-op-til-1-000-kr","/casino-kampagner/mrgreen-casino-velkomstbonus/","301","plain"
"/betalingsmetoder/betalingsmetoder/paypal","/betalingsmetoder/paypal/","301","plain"
"/paypal","/betalingsmetoder/paypal/","301","plain"
"/paypal/indbetaling","/betalingsmetoder/paypal/indbetaling/","301","plain"
"/paypal/udbetaling","/betalingsmetoder/paypal/udbetaling/","301","plain"
"/royalcasino-gratis-spins-sweet-rush-bonanza-bonus","/free-spins-til-eksisterende-kunder/","301","plain"
"/casino-kampagner/mrgreen-50-cash-spins","/casino-kampagner/mrgreen-cash-free-spins-bonus/","301","plain"
"/casino-kampagner/888casino-100-kr-ved-oprettelse","/casino-kampagner/888casino-100-kr-gratis-ved-oprettelse/","301","plain"
"/casino-kampagner/888casino-100-op-til-888kr","/casino-kampagner/888casino-no-sticky-velkosmtbonus/","301","plain"
"/casino-kampagner/betit-100-indbetalingsbonus","/casino-kampagner/betit-velkomstbonus/","301","plain"
"/casino-kampagner/betit-100-free-spins","/casino-kampagner/betit-free-spins/","301","plain"
"/casino-kampagner/vinder-casino-250-free-spins-uden-indbetaling","/casino-kampagner/vindercasino-free-spins/","301","plain"
"/casino-kampagner/kapow-casino-indbetalingsbonus","/casino-kampagner/kapowcasino-free-spins-velkomstbonus/","301","plain"
"/casino-kampagner/royal-casino-75-free-spins","/casino-kampagner/royalcasino-free-spins/","301","plain"
"/casino-kampagner/betano-100-op-til-1-000-kr","/casino-kampagner/betano-casino-velkomstbonus/","301","plain"
"/casino-kampagner/videoslots-100-op-til-1-000-kr","/casino-kampagner/videoslots-velkomstbonus/","301","plain"
"/casino-kampagner/mr-vegas-100-op-til-1-000-kr","/casino-kampagner/mrvegas-velkomstbonus/","301","plain"
"/casino-kampagner/betinia-100-op-til-1-000-kr","/casino-kampagner/betinia-velkomstbonus/","301","plain"
"/casino-kampagner/campobet-100-op-til-1-000-kr","/casino-kampagner/campobet-velkomstbonus/","301","plain"
"/casino-kampagner/playojo-50-free-spins","/casino-kampagner/playojo-free-spins/","301","plain"
"/casino-kampagner/expekt-50-free-spins","/casino-kampagner/expekt-free-spins/","301","plain"
"/kapowcasino-5-free-spins-mega-cash-boost-hold-and-win","/free-spins-til-eksisterende-kunder/","301","plain"
"/online-casino-licenser-2","/online-casino-licenser/","301","plain"
"/online-casino/spilleautomaten-2","/online-casino/spilleautomaten/","301","plain"
"/kapowcasino-100-spins-bee-keeper","/free-spins-til-eksisterende-kunder/","301","plain"
"/royalcasino-100-gratis-spins-big-bass-halloween","/free-spins-til-eksisterende-kunder/","301","plain"
"/online-casino/vindercasino","/online-casino/vinder-casino/","301","plain"
"/mrgreen-10-cash-spins-5kr-book-of-dead-bonus","/free-spins-til-eksisterende-kunder/","301","plain"
"/royalcasino-gratis-spins-curse-of-the-werewolf-megaways-bonus","/free-spins-til-eksisterende-kunder/","301","plain"
"/danskerne","/danskerne-vil-have-nye-platforme/","301","plain"
"/pragmatic-play-casinoer","/spiludviklere/pragmatic-play/","301","plain"
"/casino-kampagner/888casino-44-cash-spins-til-the-dog-house-bonus","/free-spins-til-eksisterende-kunder/","301","plain"
"/casino-kampagner/spilleautomaten-gratis-free-spins-kampagne","/free-spins-til-eksisterende-kunder/","301","plain"
"/casino-kampagner/vindercasino-daglige-spins-12-oktober","/free-spins-til-eksisterende-kunder/","301","plain"
"/casino-kampagner/royalcasino-deposit-kampagne-12-oktober","/free-spins-til-eksisterende-kunder/","301","plain"
"/vindercasino-10-gratis-spins-fate-of-dead-blitzways","/free-spins-til-eksisterende-kunder/","301","plain"
"/royalcasino-50-spins-til-madame-destiny","/free-spins-til-eksisterende-kunder/","301","plain"
"/mrgreen-50kr-live-casino-bonus","/online-casino/mrgreen/","301","plain"
"/betano-10-free-spins-til-spinman","/casino-kampagner/betano-10-free-spins-hver-onsdag-spinman/","301","plain"
"/casino-kampagner/royalcasino-gratis-spins-kampagne-15-oktober","/free-spins-til-eksisterende-kunder/","301","plain"
"/casino-kampagner/kapowcasino-deposit-kampagne-14-oktober","/free-spins-til-eksisterende-kunder/","301","plain"
"/online-casino/one-casino","/online-casino/onecasino/","301","plain"
"/casino-kampagner/betano-free-spins-hjul-kampagne-oktober-12","/casino-kampagner/betano-lykkehjul-gratis-spins-og-free-bets-uden-indbetaling/","301","plain"
"/casino-kampagner/spilleautomaten-100-procent-bonus-til-tome-of-madness-happy-halloween","/online-casino/spilleautomaten/","301","plain"
"/su/pragmatic-play","/spiludviklere/pragmatic-play/","301","plain"
"/su/pragmatic-play/page/2","/spiludviklere/pragmatic-play/","301","plain"
"/su/pragmatic-play/page/3","/spiludviklere/pragmatic-play/","301","plain"
"/su/pragmatic-play/page/4","/spiludviklere/pragmatic-play/","301","plain"
"/su/pragmatic-play/page/5","/spiludviklere/pragmatic-play/","301","plain"
"/su/pragmatic-play/page/6","/spiludviklere/pragmatic-play/","301","plain"
"/su/pragmatic-play/page/7","/spiludviklere/pragmatic-play/","301","plain"
"/su/microgaming","/spiludviklere/microgaming/","301","plain"
"/su/netent","/spiludviklere/netent/","301","plain"
"/su/play-n-go","/spiludviklere/play-n-go/","301","plain"
"/su/relax-gaming","/spiludviklere/relax-gaming/","301","plain"
"/su/yggdrasil-gaming","/spiludviklere/yggdrasil-gaming/","301","plain"
"/casino-kampagner/royalcasino-5-super-chancer-til-tome-of-insanity-bonus","/online-casino/royal-casino/","301","plain"
"/casino-kampagner/kapowcasino-40-gratis-spins-aztec-gems-megaways","/online-casino/kapow-casino/","301","plain"
"/hacksaw-gaming-casinoer","/spiludviklere/hacksaw-gaming/","301","plain"
"/netent-casinoer","/spiludviklere/netent/","301","plain"
"/playn-go-casinoer","/spiludviklere/play-n-go/","301","plain"
"/casino-kampagner/5-gratis-spins-mermaids-treasure-trove","/free-spins-til-eksisterende-kunder/","301","plain"
"/casino-kampagner/royalcasino-gratis-spins-big-bass-halloween-3","/free-spins-til-eksisterende-kunder/","301","plain"
"/relax-gaming-casinoer","/spiludviklere/relax-gaming/","301","plain"
"/kapowcasino-20-spins-big-bass-halloween-2","/online-casino/kapow-casino/","301","plain"
"/casino-kampagner/royalcasino-konkurrence-kampagne","/casino-kampagner/royalcasino-halloween-bonus-praemier-lodder/","301","plain"
"/royalcasino-halloween-bonus-praemier-lodder-10000kr-hovedgevinst","/casino-kampagner/royalcasino-halloween-bonus-praemier-lodder/","301","plain"
"/casino-kampagner/kapowcasino-konkurrence-kampagne-31-oktober","/casino-kampagner/kapowcasino-halloween-bonus-daglige-spins-og-lodder/","301","plain"
"/kapowcasino-halloween-bonus-daglige-spins-og-lodder-til-5x1000kr","/casino-kampagner/kapowcasino-halloween-bonus-daglige-spins-og-lodder/","301","plain"
"/casino-kampagner/royalcasino-gratis-spins-sweet-bonanza-1000-bonus","/free-spins-uden-indbetaling/","301","plain"
"/casino-kampagner/royalcasino-100-gratis-spins-til-hot-to-burn-7-deadly-free-spins","/free-spins-til-eksisterende-kunder/","301","plain"
"/casino-kampagner/royalcasino-gratis-spins-count-jokula-bonus","/free-spins-til-eksisterende-kunder/","301","plain"
"/casino-kampagner/mr-green-25-cash-spins-til-halloween-slots","/online-casino/mrgreen/","301","plain"
"/casino-kampagner/campobet-100-procent-op-til-100kr-halloween-weekend-bonus","/casino-bonus/indbetalingsbonus/","301","plain"
"/casino-kampagner/betinia-100kr-halloween-weekend-bonus-casino","/online-casino/betinia/","301","plain"
"/casino-kampagner/vinder-casino-10-spins-til-spooky-carnival","/online-casino/vinder-casino/","301","plain"
"/casino-kampagner/vindercasino-5-daglige-spins-til-halloween-jack","/online-casino/vinder-casino/","301","plain"
"/casino-kampagner/spilleautomaten-halloween-graeskarjagt-gratis-spins-uden-omsaetningskrav","/online-casino/spilleautomaten/","301","plain"
"/casino-kampagner/mr-green-hallowheel-bonus-kontanter-cash-spins-cash-bets","/online-casino/mrgreen/","301","plain"
"/casino-kampagner/royal-casino-gratis-spilrunder-til-15-hammers-hold-and-win","/free-spins-til-eksisterende-kunder/","301","plain"
"/casino-kampagner/kapowcasino-halloween-bonus-daglige-spins-og-lodder","/online-casino/kapow-casino/","301","plain"
"/casino-kampagner/royalcasino-halloween-bonus-praemier-lodder","/online-casino/royal-casino/","301","plain"
"/casino-kampagner/royalcasino-gratis-spins-til-royal-roost-x-up","/free-spins-til-eksisterende-kunder/","301","plain"
"/casino-kampagner/mrgreen-50kr-bonus-spillemaskiner-live-casino","/online-casino/mrgreen/","301","plain"
"/casino-kampagner/royalcasino-100-spins-til-majestic-express-gold-run","/free-spins-til-eksisterende-kunder/","301","plain"
"/casino-kampagner/spilleautomaten-100-procent-bonus-75-k-hacksaw-slots","/online-casino/spilleautomaten/","301","plain"
"/casino-kampagner/888casino-88kr-bonus-bonuskode","/online-casino/888-casino/","301","plain"
"/casino-kampagner/royalcasino-spins-jackpot-blaze-bonus","/online-casino/royal-casino/","301","plain"
"/casino-kampagner/kapowcasino-100-spins-bee-keeper-for-25-kr-sweet-rush-bonanza","/online-casino/kapow-casino/","301","plain"
"/casino-kampagner/jackpotbet-100-procent-op-til-750-kr-foedselsdagsbonus","/online-casino/jackpotbet/","301","plain"
"/casino-kampagner/royalcasino-50-spins-til-mysterious-egypt","/online-casino/royal-casino/","301","plain"
"/casino-kampagner/spildansknu-100-procent-bonus-75-kr-hacksaw-gaming","/online-casino/spildansknu/","301","plain"
"/casino-kampagner/spilleautomaten-100-procent-bonus-75kr-frozen-gems","/online-casino/spilleautomaten/","301","plain"
"/casino-kampagner/kapowcasino-spil-for-10-kr-og-fa-20-spins-til-le-cowboy","/online-casino/kapow-casino/","301","plain"
"/casino-kampagner/royalcasino-spins-uden-indbetaling-gates-of-olympus","/online-casino/royal-casino/","301","plain"
"/casino-kampagner/spildansknu-100-procent-indbetalingsbonus-myth-of-dead","/online-casino/spildansknu/","301","plain"
"/casino-kampagner/royalcasino-spins-house-of-spins-the-legacy-bonus","/online-casino/royal-casino/","301","plain"
"/casino-kampagner/jackpotbet-10-free-spins-til-bingo-mania-uden-indbetaling","/online-casino/jackpotbet/","301","plain"
"/casino-kampagner/888casino-5-power-spins-til-udvalgte-spilleautomater","/online-casino/888-casino/","301","plain"
"/casino-kampagner/mrgreen-10-cash-spins-book-of-dead-bonus","/online-casino/mrgreen/","301","plain"
"/casino-kampagner/kapowcasino-fa-40-spins-aztec-gems-megaways","/online-casino/kapow-casino/","301","plain"
"/casino-kampagner/betano-10-spins-til-klowns-uden-omsaetningskrav","/online-casino/betano/","301","plain"
"/casino-kampagner/betano-10-free-spins-hver-onsdag-spinman","/online-casino/betano/","301","plain"
"/casino-kampagner/royalcasino-100-spins-til-super-gummy-strike","/online-casino/royal-casino/","301","plain"
"/casino-kampagner/royalcasino-spins-til-toro-911-bonus","/online-casino/royal-casino/","301","plain"
"/casino-kampagner/vinder-casino-5-spins-snake-arena-2-black-friday","/online-casino/vinder-casino/","301","plain"
"/casino-kampagner/expekt-5-freespins-big-bass-christmas-bash","/online-casino/expekt/","301","plain"
"/casino-kampagner/jackpotbet-50-spins-wild-wild-bass-2-xmas-special","/online-casino/jackpotbet/","301","plain"
"/casino-kampagner/mr-green-50kr-casino-live-casino-bonus","/online-casino/mrgreen/","301","plain"
"/casino-kampagner/spilleautomaten-100-procent-bonus-75-kr-myth-of-dead","/online-casino/spilleautomaten/","301","plain"
"/casino-kampagner/royalcasino-100kr-november-bonus-spilleautomater","/online-casino/royal-casino/","301","plain"
"/casino-kampagner/royal-casino-eventyrlig-november-bonus-10000kr-kontant-til-daglige-spil","/online-casino/royal-casino/","301","plain"
"/casino-kampagner/kapowcasino-efterars-sjov-daglige-premier-spins-og-5x1000kr-bonus","/online-casino/kapow-casino/","301","plain"
"/casino-kampagner/royalcasino-free-spins-til-sweet-bonanza-xmas-paa-tid","/online-casino/royal-casino/","301","plain"
"/casino-kampagner/vinder-casino-5-spins-rock-star-santa-multimax","/online-casino/vinder-casino/","301","plain"
"/casino-kampagner/vindercasino-20-spins-til-aloha-christmas-3-december","/online-casino/vinder-casino/","301","plain"
"/casino-kampagner/spilleautomaten-100-procent-bonus-75-kr-til-le-santa","/online-casino/spilleautomaten/","301","plain"
"/casino-kampagner/vinder-casino-10-spins-til-money-sleigh","/online-casino/vinder-casino/","301","plain"
"/casino-kampagner/royalcasino-gratis-spins-til-christmas-riches-power-combo","/online-casino/royal-casino/","301","plain"
"/casino-kampagner/spildansknu-100-procent-75-kr-bonus-playn-go-julespil","/online-casino/spildansknu/","301","plain"
"/casino-kampagner/jackpotbet-20-free-spins-big-sugar-bonanza-xmas","/online-casino/jackpotbet/","301","plain"
"/casino-kampagner/mrgreen-25-cash-spins-til-julesamling-adventsweekend","/online-casino/mrgreen/","301","plain"
"/casino-kampagner/royalcasino-100-spins-big-bass-christmas-frozen-lake-bonus","/online-casino/royal-casino/","301","plain"
"/casino-kampagner/vindercasino-5-spins-uden-indbetaling-til-money-sleigh","/online-casino/vinder-casino/","301","plain"
"/casino-kampagner/vindercasino-10-spins-til-taco-brothers-saving-christmas","/online-casino/vinder-casino/","301","plain"
"/casino-kampagner/vinder-casino-20-spins-til-wonders-of-christmas","/online-casino/vinder-casino/","301","plain"
"/casino-kampagner/888casino-44-julespins-5-december","/casino-kampagner/888casino-faa-44-fredags-julespins/","301","plain"
"/casino-kampagner/vinder-casino-money-sleigh-10-spins-bonus-11-december","/online-casino/vinder-casino/","301","plain"
"/casino-kampagner/kapowcasino-20-gratis-spins-til-christmas-big-bass-bonanza","/online-casino/kapow-casino/","301","plain"
"/casino-kampagner/spildansknu-faa-150-kr-bonus-til-le-series-spil","/online-casino/spildansknu/","301","plain"
"/casino-kampagner/royalcasino-spins-big-bass-splash-1000-bonus","/online-casino/royal-casino/","301","plain"
"/casino-kampagner/royalcasino-50-spins-penguins-christmas-party-time-bonus","/online-casino/royal-casino/","301","plain"
"/casino-kampagner/vinder-casino-20kr-let-it-snow-10-spins-bonus","/online-casino/vinder-casino/","301","plain"
"/casino-kampagner/spilleautomaten-75-kr-stakelogic-spil","/online-casino/spilleautomaten/","301","plain"
"/casino-kampagner/betano-25-free-spins-holiday-spirits-19-december","/online-casino/betano/","301","plain"
"/casino-kampagner/888casino-faa-44-fredags-julespins","/online-casino/888-casino/","301","plain"
"/casino-kampagner/spildansknu-julebonus-150-kr-til-stakelogic-julespil","/online-casino/spildansknu/","301","plain"
"/casino-kampagner/kapowcasino-40-gratis-spins-penguins-christmas-party-time","/online-casino/kapow-casino/","301","plain"
"/casino-kampagner/royalcasino-faa-5-super-free-spins-til-christmas-rush-express","/online-casino/royal-casino/","301","plain"
"/casino-kampagner/888casino-88kr-live-casino-julebonus","/online-casino/888-casino/","301","plain"
"/casino-kampagner/spilleautomaten-5-gratis-spins-big-sugar-bonanza-xmas","/online-casino/spilleautomaten/","301","plain"
"/casino-kampagner/betano-10-free-spins-til-sugar-rush-xmas-24-december","/online-casino/betano/","301","plain"
"/casino-kampagner/expekt-10-gratis-spins-holiday-season-playn-go","/online-casino/expekt/","301","plain"
"/casino-kampagner/leovegas-10-gratis-spins-til-santas-secret-party","/online-casino/leovegas/","301","plain"
"/casino-kampagner/jackpotbet-24-free-spins-uden-indbetaling-sugar-rush-xmas-24-december","/online-casino/jackpotbet/","301","plain"
"/casino-kampagner/mrgreen-100kr-live-casino-bonus-ved-100kr-live-sport","/online-casino/mrgreen/","301","plain"
"/casino-kampagner/888casino-powerhjulet-bonus-spins-til-kontanter","/online-casino/888-casino/","301","plain"
"/casino-kampagner/mrgreen-julehjulet-daglig-julebonus-cash-spins-bets","/online-casino/mrgreen/","301","plain"
"/casino-kampagner/betano-10-free-spins-rich-wilde-and-the-tome-of-madness","/online-casino/betano/","301","plain"
"/casino-kampagner/mr-vegas-julekalender-daglige-spins-2025","/online-casino/mr-vegas/","301","plain"
"/casino-kampagner/vindercasino-julekalender-daglig-bonus-til-julespil","/online-casino/vinder-casino/","301","plain"
"/casino-kampagner/leovegas-julekalender-2025-free-spins-cash-spins-kontanter","/online-casino/leovegas/","301","plain"
"/casino-kampagner/royalcasino-julekalender-bonus-daglige-spins-og-praemier","/online-casino/royal-casino/","301","plain"
"/casino-kampagner/expekt-julekalender-2025-aaben-daglige-bonusser","/online-casino/expekt/","301","plain"
"/casino-kampagner/kapowcasino-julekalender-bonus-daglige-praemier-og-5x1000kr-kontant","/online-casino/kapow-casino/","301","plain"
"/casino-kampagner/comeon-julekalender-daglig-bonus","/online-casino/comeon/","301","plain"
"/casino-kampagner/mr-green-5000-all-in-advent-freeroll-bonus","/online-casino/mrgreen/","301","plain"
"/casino-kampagner/mrgreen-50kr-bonus-til-spillemaskiner-og-live-casino","/online-casino/mrgreen/","301","plain"
"/casino-kampagner/campobet-100-kr-jule-bonus-ugentlig-december","/online-casino/campobet/","301","plain"
"/casino-kampagner/betinia-100-kr-casino-jule-bonus-december","/online-casino/betinia/","301","plain"
"/casino-kampagner/mrgreen-jule-free-spin","/online-casino/mrgreen/","301","plain"
"/casino-kampagner/royalcasino-100kr-december-bonus-til-juleautomater","/online-casino/royal-casino/","301","plain"
"/casino-kampagner/kapowcasino-100kr-maneds-bonus-til-favoritspil","/online-casino/kapow-casino/","301","plain"
"/casino-kampagner/royalcasino-100-spins-til-ride-the-lightning-bonus","/online-casino/royal-casino/","301","plain"
"/casino-kampagner/mr-green-25-cash-spins-til-sugar-rush-og-sweet-bonanza","/online-casino/mrgreen/","301","plain"
"/casino-kampagner/kapowcasino-100-spins-bee-keeper-ved-25kr-sweet-rush-bonanza","/online-casino/kapow-casino/","301","plain"
"/casino-kampagner/spilleautomaten-100-procent-januarbonus-til-hacksaw-gaming","/online-casino/spilleautomaten/","301","plain"
"/casino-kampagner/888casino-5-cash-spins-10kr-til-udvalgte-spilleautomater","/online-casino/888-casino/","301","plain"
"/casino-kampagner/royalcasino-gratis-spins-cygnus-6-bonus","/online-casino/royal-casino/","301","plain"
"/casino-kampagner/royalcasino-60-spins-til-mustang-trail","/online-casino/royal-casino/","301","plain"
"/casino-kampagner/betano-10-gratis-spins-til-madame-destiny-megaways","/free-spins-til-eksisterende-kunder/","301","plain"
"/casino-kampagner/kapowcasino-10kr-for-20-spins-sleeping-dragon","/free-spins-til-eksisterende-kunder/","301","plain"
"/casino-kampagner/betit-velkomstbonus","/casino-bonus/velkomstbonus/","301","plain"
"/casino-kampagner/betit-free-spins","/free-spins-ved-oprettelse/","301","plain"
"/casino-kampagner/royalcasino-gratis-spins-le-cowboy-bonus","/online-casino/royal-casino/","301","plain"
"/online-casino/swift-casino-2","/online-casino/swift-casino/","301","plain"
"/casino-kampagner/mrgreen-faa-50-kr-i-bonuspenge-til-spillemaskiner","/online-casino/mrgreen/","301","plain"
"/casino-kampagner/888casino-88kr-bonus-til-spilleautomater-og-live-casino","/online-casino/888-casino/","301","plain"
"/casino-kampagner/kapowcasino-50-gratis-spins-til-wild-trigger-for-10-kr","/online-casino/kapow-casino/","301","plain"
"/casino-kampagner/royalcasino-5-super-spins-strike-of-poseidon-multichase-bonus","/online-casino/royal-casino/","301","plain"
"/casino-kampagner/jackpotbet-50-free-spins-spin-score-megaways-bonus","/online-casino/jackpotbet/","301","plain"
"/casino-kampagner/spilleautomaten-100-indbetalingsbonus-playn-go-spil","/online-casino/spilleautomaten/","301","plain"
"/casino-kampagner/royalcasino-gratis-spins-sugar-rush-super-scatter-bonus","/online-casino/royal-casino/","301","plain"
"/casino-kampagner/spildansknu-100-procent-bonus-75kr-hacksaw-slots","/online-casino/spildansknu/","301","plain"
"/casino-kampagner/888casino-22-vinterspins-til-spilleautomater","/online-casino/888-casino/","301","plain"
"/casino-kampagner/royalcasino-100-spins-til-bee-keeper-bonus","/online-casino/royal-casino/","301","plain"
"/casino-kampagner/jackpotbet-100-procent-bonus-op-til-500kr-til-casinospil","/online-casino/jackpotbet/","301","plain"
"/casino-kampagner/royalcasino-gratis-spins-amazing-builder-prometheus-bonus","/online-casino/royal-casino/","301","plain"
"/casino-kampagner/mr-green-25-cash-spins-til-spillemaskiner","/online-casino/mrgreen/","301","plain"
"/casino-kampagner/royalcasino-gratis-spins-til-nip-tuck","/online-casino/royal-casino/","301","plain"
"/casino-kampagner/spilleautomaten-100-procent-indbetalingsbonus-til-stakelogic-slots","/online-casino/spilleautomaten/","301","plain"
"/casino-kampagner/spildansknu-100-procent-indbetalingsbonus-pragmatic-play-slots","/online-casino/spildansknu/","301","plain"
"/casino-kampagner/royalcasino-gratis-spins-12-pots-of-gold-drum-frenzy","/online-casino/royal-casino/","301","plain"
"/casino-kampagner/jackpotbet-100-bonus-op-til-250kr-til-slots","/online-casino/jackpotbet/","301","plain"
"/casino-kampagner/royalcasino-jungle-eventyr-bonus-daglige-spins-og-10k-kontantpulje","/online-casino/royal-casino/","301","plain"
"/casino-kampagner/royalcasino-100kr-januar-bonus-spilleautomater","/online-casino/royal-casino/","301","plain"
"/casino-kampagner/kapowcasino-100kr-januar-bonus-til-yndlingsspil","/online-casino/kapow-casino/","301","plain"
"/casino-kampagner/spilleautomaten-100-procent-75kr-bonus-playn-go","/online-casino/spilleautomaten/","301","plain"
"/casino-kampagner/mrgreen-ugeraketten-login-bonus-vind-iphone17pro-airpodspro3","/online-casino/mrgreen/","301","plain"
"/casino-kampagner/888casino-22-cash-spins-til-sweet-bonanza-gates-of-olympus","/online-casino/888-casino/","301","plain"
"/casino-kampagner/royalcasino-gratis-spins-3-cash-volcanos-hold-and-win","/online-casino/royal-casino/","301","plain"
"/casino-kampagner/mrgreen-50kr-bonus-live-casino-spillemaskiner","/online-casino/mrgreen/","301","plain"
"/casino-kampagner/jackpotbet-50-free-spins-sweet-bonanza-1000","/online-casino/jackpotbet/","301","plain"
"/casino-kampagner/royalcasino-100-spins-big-bass-hold-and-spinner-bonus","/free-spins-til-eksisterende-kunder/","301","plain"
"/saadan-vaelger-du-den-rigtige-betalingsmetode","/betalingsmetoder/","301","plain"
"/free-spins-uden-indbetaling-paa-nye-casinoer","/free-spins-uden-indbetaling/","301","plain"
"/tips-til-at-maksimere-velkomstbonusser","/casino-bonus/velkomstbonus/","301","plain"
"/faa-mest-ud-af-gratis-spins","/free-spins-til-eksisterende-kunder/","301","plain"
"/strategier-til-at-maksimere-gratis-spins","/free-spins-til-eksisterende-kunder/","301","plain"
"/eksklusive-gratis-spins-tilbud","/free-spins-til-eksisterende-kunder/","301","plain"
"/bedste-dage-at-faa-gratis-spins","/free-spins-til-eksisterende-kunder/","301","plain"
"/bedste-spillesider-til-begynder","/spillesider/","301","plain"
"/anmeldelser-af-danske-spillesider","/spillesider/","301","plain"
"/hvordan-optjene-flere-gratis-spins","/free-spins-til-eksisterende-kunder/","301","plain"
"/spillesider-med-de-bedste-bonusser","/spillesider/","301","plain"
"/casino-bonus-regler-og-vilkaar","/casino-bonus/","301","plain"
"/hvad-er-en-casino-kampagne","/casino-kampagner/","301","plain"
"/vaelg-den-bedste-casino-bonus","/casino-bonus/","301","plain"
"/casino-kampagner/spilleautomaten-100-procent-indbetalingsbonus-til-stakelogic-spil","/online-casino/spildansknu/","301","plain"
"/casino-kampagner/royalcasino-50-spins-savannah-legend-bonus","/free-spins-til-eksisterende-kunder/","301","plain"
"/casino-kampagner/888casino-88kr-bonus-spilleautomater-live-casino","/online-casino/888-casino/","301","plain"
"/casino-kampagner/spilleautomaten-5-gratis-spins-sweet-alchemy","/free-spins-til-eksisterende-kunder/","301","plain"
"/casino-kampagner/spildansknu-5-gratis-spins-cozy-candy-clusterbreaker","/free-spins-til-eksisterende-kunder/","301","plain"
"/casino-kampagner/888casino-25-love-spins-valentines-bonus","/online-casino/888-casino/","301","plain"
"/casino-kampagner/jackpotbet-50-free-spins-big-bass-vegas-double-down-deluxe","/online-casino/jackpotbet/","301","plain"
"/casino-kampagner/kapowcasino-20-spins-big-bass-floats-my-boat-bonus","/online-casino/kapow-casino/","301","plain"
"/casino-kampagner/spilleautomaten-indbetalingsbonus-til-hacksaw-gaming-spil","/free-spins-til-eksisterende-kunder/","301","plain"
"/casino-kampagner/betinia-100-procent-bonus-op-til-100kr-ugentlig-kaerlighedsbonus","/online-casino/betinia/","301","plain"
"/casino-kampagner/campobet-100-procent-op-til-100kr-kaerlighedsbonus-til-slots-og-bingo","/online-casino/campobet/","301","plain"
"/casino-kampagner/royalcasino-free-spins-gates-of-olympus-bonus","/online-casino/royal-casino/","301","plain"
"/casino-kampagner/mr-green-50kr-bonus-til-slots-og-live-casino","/online-casino/mrgreen/","301","plain"
"/casino-kampagner/betano-10-free-spins-fortune-forest","/online-casino/betano/","301","plain"
"/casino-kampagner/betano-10-free-spins-rome-fight-for-gold-the-tigers-rage","/online-casino/betano/","301","plain"
"/casino-kampagner/888casino-22-cash-spins-uden-omsaetningskrav","/online-casino/888-casino/","301","plain"
"/casino-kampagner/royalcasino-gratis-spins-pedro-ventura-wheel-of-aztecs","/online-casino/royal-casino/","301","plain"
"/casino-kampagner/royalcasino-100-spins-til-aztec-gems-megaways","/online-casino/royal-casino/","301","plain"
"/casino-kampagner/spilleautomaten-indbetalingsbonus-til-piggy-heist-og-mole-digger","/online-casino/spilleautomaten/","301","plain"
"/casino-kampagner/spildansknu-bonus-75kr-playn-go","/online-casino/spildansknu/","301","plain"
"/casino-kampagner/kapowcasino-100kr-februar-maneds-bonus-til-favoritspil","/casino-kampagner/kapowcasino-100kr-marts-maneds-bonus-til-favoritspil/","301","plain"
"/casino-kampagner/royalcasino-28-gratis-spins-wacky-panda-power-combo","/online-casino/royal-casino/","301","plain"
"/casino-kampagner/royalcasino-100kr-februar-bonus-spilleautomater","/online-casino/royal-casino/","301","plain"
"/casino-kampagner/royalcasino-fastelavnsbonus-daglige-spins-og-praemier","/online-casino/royal-casino/","301","plain"
"/casino-kampagner/royalcasino-faa-free-spins-til-book-of-dead-go-collect","/online-casino/royal-casino/","301","plain"
"/casino-kampagner/jackpotbet-50-free-spins-til-treasure-of-osiris","/online-casino/jackpotbet/","301","plain"
"/casino-kampagner/spilleautomaten-100-procent-indbetalingsbonus-dead-serien","/online-casino/spilleautomaten/","301","plain"
"/casino-kampagner/royalcasino-gratis-spins-riches-express-bonus","/free-spins-til-eksisterende-kunder/","301","plain"
"/casino-kampagner/royalcasino-100-spins-til-le-cowboy-bonus","/online-casino/royal-casino/","301","plain"
"/casino-kampagner/mrgreen-25-blomsterspins-til-forarsspil","/online-casino/mrgreen/","301","plain"
"/casino-kampagner/spildansknu-bonus-perfect-gems-mystery-joker-6000","/online-casino/spildansknu/","301","plain"
"/casino-kampagner/royalcasino-spins-til-ascending-phoenix-blaze-gold-blitz-ultimate","/online-casino/royal-casino/","301","plain"
"/casino-kampagner/kapowcasino-100-spins-aztec-gems-megaways-ved-25kr-serpent-gold","/online-casino/kapow-casino/","301","plain"
"/casino-kampagner/spilleautomaten-100-procent-casino-bonus-til-hacksaw-gaming-slots","/online-casino/spilleautomaten/","301","plain"
"/casino-kampagner/betano-10-gratis-spins-legacy-of-dead","/online-casino/betano/","301","plain"
"/casino-kampagner/royalcasino-50-spins-majestic-express-gold-run-bonus","/online-casino/royal-casino/","301","plain"
"/casino-kampagner/spildansknu-bonus-75kr-le-king-viking-pharaoh","/online-casino/spildansknu/","301","plain"
"/casino-kampagner/mr-green-50kr-bonus-til-spillemaskiner-og-live-casino","/online-casino/mrgreen/","301","plain"
"/casino-kampagner/vbet-200kr-casinobonus-til-slots","/online-casino/vbet/","301","plain"
"/casino-kampagner/kapowcasino-50-gratis-spins-til-voltedup-wildsurge","/online-casino/kapow-casino/","301","plain"
"/casino-kampagner/spilleautomaten-100-procent-indbetalingsbonus-75kr-til-sweet-bonanza-slots","/online-casino/spilleautomaten/","301","plain"
"/casino-kampagner/vbet-50-free-spins-sweet-bonanza-1000","/online-casino/vbet/","301","plain"
"/casino-kampagner/royalcasino-5-super-spins-til-le-fisherman","/online-casino/royal-casino/","301","plain"
"/casino-kampagner/royalcasino-gratis-spins-big-bass-raceday-repeat-bonus","/online-casino/royal-casino/","301","plain"
"/casino-kampagner/vbet-25-free-spins-irish-crown","/online-casino/vbet/","301","plain"
"/casino-kampagner/spildansknu-100-procent-indbetalingsbonus-til-pirots-4","/online-casino/spildansknu/","301","plain"
"/casino-kampagner/betano-5-free-spins-catfish-hunters","/online-casino/betano/","301","plain"
"/casino-kampagner/mrgreen-50-cash-spins-til-luckys-wild-pub-eller-irish-crown","/online-casino/mrgreen/","301","plain"
"/casino-kampagner/spilleautomaten-5-gratis-spins-til-sugar-rush-1000","/online-casino/spilleautomaten/","301","plain"
"/wp-admin/post.php?post=19903&action=edit","/online-casino/vbet/","301","plain"
"/casino-kampagner/royalcasino-gratis-spins-amazing-link-odin-bonus","/online-casino/royal-casino/","301","plain"
"/casino-kampagner/spildansknu-5-gratis-spins-til-pilgrim-of-dead","/online-casino/spildansknu/","301","plain"
"/casino-kampagner/vbet-50-casino-free-spins-til-sugar-rush","/online-casino/vbet/","301","plain"
"/casino-kampagner/888casino-11-cash-spins-til-zeus-eller-sukkeruniverset-bonus","/online-casino/888-casino/","301","plain"
"/casino-kampagner/betano-10-free-spins-til-betano-bonanza","/online-casino/betano/","301","plain"
"/casino-kampagner/royalcasino-100-spins-til-dragon-kingdom-eyes-of-fire","/online-casino/royal-casino/","301","plain"
"/casino-kampagner/mrgreen-50kr-live-casino-bonus-ved-50kr-live-sport","/online-casino/mrgreen/","301","plain"
"/casino-kampagner/spilleautomaten-100-procent-indbetalingsbonus-til-playn-go-slots","/online-casino/spilleautomaten/","301","plain"
"/casino-kampagner/royalcasino-faa-25-spins-til-action-ways-buffalo","/online-casino/royal-casino/","301","plain"
"/casino-kampagner/royalcasino-gratis-spins-action-boost-spinup-knights-ascension","/online-casino/royal-casino/","301","plain"
"/casino-kampagner/vbet-100-procent-bonus-op-til-100kr-til-slots","/online-casino/vbet/","301","plain"
"/casino-kampagner/royalcasino-gratis-spins-jelly-express-bonus","/online-casino/royal-casino/","301","plain"
"/casino-kampagner/spilleautomaten-100-indbetalingsbonus-75kr-honey-rush-rocco-gallo","/online-casino/spilleautomaten/","301","plain"
"/casino-kampagner/spilleautomaten-5-gratis-spins-easter-eggspedition-bonus","/online-casino/spilleautomaten/","301","plain"
"/casino-kampagner/mr-green-25-cash-spins-til-paaskespilsamlingen","/online-casino/mrgreen/","301","plain"
"/casino-kampagner/888casino-11-cash-spins-8kr-sugar-rush-sweet-bonanza","/online-casino/888-casino/","301","plain"
"/casino-kampagner/vbet-150-free-spins-finger-lickn-free-spin","/online-casino/vbet/","301","plain"
"/casino-kampagner/royalcasino-100-spins-zeus-vs-hades-gods-of-war","/online-casino/royal-casino/","301","plain"
"/casino-kampagner/royalcasino-100kr-marts-bonus-spilleautomater","/online-casino/royal-casino/","301","plain"
"/casino-kampagner/royalcasino-paaskehygge-bonus-daglige-praemier-og-lodder-til-10000kr","/online-casino/royal-casino/","301","plain"
"/casino-kampagner/royalcasino-gratis-casino-spins-sweet-bonanza-1000","/online-casino/royal-casino/","301","plain"
"/casino-kampagner/leovegas-100-freespins-big-bass-splash","/online-casino/leovegas/","301","plain"
"/casino-kampagner/royalcasino-50-spins-steamin-reels-bonus","/online-casino/royal-casino/","301","plain"
"/casino-kampagner/spilleautomaten-100-procent-indbetalingsbonus-til-slots","/online-casino/spilleautomaten/","301","plain"
"/casino-kampagner/mr-green-50-kr-bonus-til-live-casino-mrvegas","/online-casino/mrgreen/","301","plain"
"/casino-kampagner/royalcasino-gratis-spins-til-area-link-dragon-ascension-bonus","/online-casino/royal-casino/","301","plain"
"/casino-kampagner/888casino-88kr-bonus-til-live-casino-og-slots-aprilbonus","/online-casino/888-casino/","301","plain"
"/casino-kampagner/spildansknu-100-procent-indbetalingsbonus-75kr-playn-go","/online-casino/spildansknu/","301","plain"
"/casino-kampagner/royalcasino-5-super-spins-til-pirots-4-bonus","/online-casino/royal-casino/","301","plain"
"/casino-kampagner/campobet-100-procent-op-til-100kr-paaskejagt-bonus","/online-casino/campobet/","301","plain"
"/casino-kampagner/betinia-100-procent-op-til-100-kr-paaskejagt-bonus","/online-casino/betinia/","301","plain"
"/casino-kampagner/spilleautomaten-bonnus-the-dog-house-zeus-vs-hades","/online-casino/spilleautomaten/","301","plain"
"/casino-kampagner/betano-5-gratis-spins-duck-hunters","/free-spins-til-eksisterende-kunder/","301","plain"
"/casino-kampagner/kapowcasino-10kr-for-20-gratis-spins-til-bigger-bass-splash","/online-casino/kapow-casino/","301","plain"
"/casino-kampagner/royalcasino-gratis-spins-big-bass-trophy-catch-bonus","/online-casino/royal-casino/","301","plain"
"/casino-kampagner/spilleautomatendk-5-gratis-spins-book-of-time-bonus","/online-casino/spilleautomaten/","301","plain"
"/casino-kampagner/royalcasino-100-spins-voltedup-wildsurge-bonus","/online-casino/royal-casino/","301","plain"
"/online-casino/quickcasino-anmeldelse-year","/online-casino/quickcasino/","301","plain"
"/casino-kampagner/betano-10-free-spins-til-betano-bonanza-onsdag","/online-casino/betano/","301","plain"
"/casino-kampagner/spildansknu-100-indbetalingsbonus-75kr-pragmatic-play","/online-casino/spildansknu/","301","plain"
"/casino-kampagner/royalcasino-20-spins-til-amazing-link-zeus-boost","/online-casino/royal-casino/","301","plain"
"/casino-kampagner/royalcasino-gratis-spins-til-candy-combo-2-power-combo","/online-casino/royal-casino/","301","plain"
"/online-casino/unibet-2","/online-casino/unibet-casino-anmeldelse-%e2%86%92-bonus-fordele-ulemper-i-2026/","301","plain"
"/online-casino/unibet-casino-anmeldelse-%e2%86%92-bonus-fordele-ulemper-i-2026","/online-casino/unibet-casino-anmeldelse/","301","plain"
"/casino-kampagner/spilleautomaten-100-procent-indbetalingsbonus-til-tomb-of-gold-reimagined-og-book-of-dead-go-collect","/online-casino/spilleautomaten/","301","plain"
"/online-casino/unibet-casino-anmeldelse","/online-casino/unibet-2/","301","plain"
"/casino-kampagner/vbet-100-procent-bonus-op-til-100kr-spilleautomater","/online-casino/vbet/","301","plain"
"/casino-kampagner/royalcasino-gratis-spins-333-phoenix-blaze-power-combo","/online-casino/royal-casino/","301","plain"
"/casino-kampagner/royalcasino-100kr-april-bonus-spilleautomater","/online-casino/royal-casino/","301","plain"
"/casino-kampagner/kapowcasino-100kr-marts-maneds-bonus-til-favoritspil","/online-casino/kapow-casino/","301","plain"
"/casino-kampagner/kapowcasino-100kr-maneds-bonus-til-spilleautomater","/online-casino/kapow-casino/","301","plain"
"/casino-kampagner/888casino-44-cash-spins-til-spilleautomater","/online-casino/888-casino/","301","plain"
"/casino-kampagner/royalcasino-100-free-spins-til-majestic-express-gold-run","/online-casino/royal-casino/","301","plain"
"/casino-kampagner/spildansknu-100-procent-indbetalingsbonus-75kr-gemix100-piggy-heist","/online-casino/spildansknu/","301","plain"
"/casino-kampagner/mrgreen-25-cash-spins-til-honey-honey-honey-fruit-party-eller-sweet-bonanza","/online-casino/mrgreen/","301","plain"
"/spiludviklere/blueprint","/spiludviklere/blueprint-gaming/","301","plain"
"/casino-kampagner/vbet-75-free-spins-starz-megaways","/online-casino/vbet/","301","plain"
"/casino-kampagner/royalcasino-gratis-spins-bass-rush-express-bonus","/online-casino/royal-casino/","301","plain"
"/casino-kampagner/kapowcasino-100-spins-til-voltedup-wildsurge","/online-casino/kapow-casino/","301","plain"
"/casino-kampagner/royalcasino-50-gratis-spins-til-bells-of-fire","/online-casino/royal-casino/","301","plain"
"/casino-kampagner/vbet-op-til-45-free-spins-og-2x-100-bonus-til-spilleautomater","/online-casino/vbet/","301","plain"
"/casino-kampagner/royalcasino-gratis-spins-coins-forged-in-fire","/online-casino/royal-casino/","301","plain"
"/casino-kampagner/888casino-44-cash-spins-til-crystal-hall-bonus","/online-casino/888-casino/","301","plain"
"/casino-kampagner/mrgreen-5-cash-spins-til-crystal-hall","/online-casino/mrgreen/","301","plain"
"/casino-kampagner/spilleautomaten-indbetalingsbonus-75kr-til-colt-lightning-firestorm-og-gemix-100","/online-casino/spilleautomaten/","301","plain"
"/casino-kampagner/spildansknu-100-procent-bonus-75kr-le-pharaoh-le-king","/online-casino/spildansknu/","301","plain"
"/casino-kampagner/mrgreen-golden-grooves-50000kr-login-bonus","/online-casino/mrgreen/","301","plain"
"/casino-kampagner/royalcasino-5-super-free-spins-dead-mans-gold","/online-casino/royal-casino/","301","plain"
"/casino-kampagner/mrgreen-50-cash-spins-big-bass-splash","/online-casino/mrgreen/","301","plain"
"/casino-kampagner/vbet-4-dages-bonusjagt-200kr-casinobonus-spilleautomater","/online-casino/vbet/","301","plain"
"/casino-kampagner/spildansknu-100-procent-indbetalingsbonus-75kr-crabbys-gold-piggy-heist","/online-casino/spildansknu/","301","plain"
"/casino-kampagner/royalcasino-gratis-spins-wild-toro-3-bonus","/online-casino/royal-casino/","301","plain"
"/casino-kampagner/mrgreen-25-cash-spins-book-of-dead","/online-casino/mrgreen/","301","plain"
"/casino-kampagner/betano-5-gratis-spins-san-quentin-manhunt","/online-casino/spilleautomaten/","301","plain"
"/casino-kampagner/leovegas-100-free-spins-til-big-bass","/online-casino/leovegas/","301","plain"
"/casino-kampagner/expekt-free-spins","/online-casino/expekt/","301","plain"
"/casino-kampagner/royalcasino-gratis-spins-break-the-diamond-piggy-bonus","/free-spins-til-eksisterende-kunder/","301","plain"
"/casino-kampagner/royalcasino-100-casino-free-spins-voltedup-wildsurge","/online-casino/royal-casino/","301","plain"
"/casino-kampagner/royalcasino-20-free-spins-area-link-chilli","/online-casino/royal-casino/","301","plain"
"/casino-kampagner/vbet-100-procent-bonus-op-til-150kr-til-spilleautomater","/online-casino/vbet/","301","plain"
"/casino-kampagner/spilleautomaten-100-procent-indbetalingsbonus-til-stakelogic-spil-i-dag","/online-casino/spilleautomaten/","301","plain"
"/casino-kampagner/royalcasino-100kr-maj-bonus-til-spilleautomater","/online-casino/royal-casino/","301","plain"
"/casino-kampagner/royalcasino-gratis-spins-til-5-perfect-diamonds","/online-casino/royal-casino/","301","plain"
"/casino-kampagner/vbet-75kr-bonus-til-spilleautomater","/online-casino/vbet/","301","plain"
"/casino-kampagner/betano-10-free-spins-jelly-express-bonus","/online-casino/betano/","301","plain"
"/casino-kampagner/888casino-25-cash-spins-til-honey-rush-serien","/online-casino/888-casino/","301","plain"
"/casino-kampagner/mrgreen-25-cash-spins-til-sommerens-favoritter","/online-casino/mrgreen/","301","plain"
"/casino-kampagner/royalcasino-100-free-spins-sleeping-dragon","/online-casino/royal-casino/","301","plain"
"/casino-kampagner/royalcasino-gratis-spins-bison-ridge-power-combo-bonus","/online-casino/royal-casino/","301","plain"
"/casino-kampagner/spilleautomaten-100-procent-bonus-til-madame-destiny-megaways-og-5-lions-megaways","/online-casino/spilleautomaten/","301","plain"
"/casino-kampagner/vbet-100-procent-bonus-op-til-50kr-til-spilleautomater","/online-casino/vbet/","301","plain"
"/casino-kampagner/royalcasino-gratis-spins-gold-blitz-fortune-tower-fusion","/online-casino/royal-casino/","301","plain"
"/casino-kampagner/royalcasino-gratis-spins-til-action-bass-slot","/online-casino/royal-casino/","301","plain"
"/casino-kampagner/888casino-44-cash-spins-til-stadium-of-riches","/online-casino/888-casino/","301","plain"
"/casino-kampagner/mrgreen-10-cash-spins-til-hugo-goal","/online-casino/mrgreen/","301","plain"
"/casino-kampagner/vbet-2x100-bonus-op-til-100kr-spilleautomater","/online-casino/vbet/","301","plain"
"/casino-kampagner/royalcasino-50-free-spins-buffalo-of-wealth","/online-casino/royal-casino/","301","plain"
"/casino-kampagner/spilleautomaten-100-procent-indbetalingsbonus-mega-don-triple-threat-crabbys-gold","/online-casino/spilleautomaten/","301","plain"
"/casino-kampagner/royal-casino-gratis-spins-til-coins-forged-in-fire-2","/online-casino/royal-casino/","301","plain"
"/casino-kampagner/vbet-100-procent-bonus-op-til-50kr-plus-55-free-spins","/online-casino/vbet/","301","plain"
"/casino-kampagner/888casino-22-cash-spins-big-bass-splash-ecuador-vs-tyskland","/online-casino/888-casino/","301","plain"
"/casino-kampagner/mrgreen-25-cash-spins-til-spillemaskiner","/online-casino/mrgreen/","301","plain"
"/casino-kampagner/spilleautomaten-indbetalingsbonus-9-pyramids-of-fortune-fire-and-gold-clusterbreaker","/online-casino/spilleautomaten/","301","plain"
"/casino-kampagner/royalcasino-100-free-spins-voltedup-wildsurge","/online-casino/royal-casino/","301","plain"
"/casino-kampagner/mrgreen-20-cash-spins-book-of-dead","/online-casino/mrgreen/","301","plain"
"/casino-kampagner/spildansknu-100-procent-bonus-75kr-playn-go","/online-casino/spildansknu/","301","plain"
"/casino-kampagner/royalcasino-gratis-spins-grand-link-continental-hold-and-win-bonus","/online-casino/royal-casino/","301","plain"
"/casino-kampagner/888casino-44-cash-spins-til-sugar-rush-bonus","/online-casino/888-casino/","301","plain"
"/casino-kampagner/vbet-100-bonus-op-til-100kr-spilleautomater","/online-casino/vbet/","301","plain"
"/casino-kampagner/royalcasino-20-free-spins-sweet-bonanza","/online-casino/royal-casino/","301","plain"
"/casino-kampagner/royalcasino-100kr-juni-bonus-til-spilleautomater","/online-casino/royal-casino/","301","plain"
"/casino-kampagner/kapowcasino-100kr-maneds-bonus-til-favoritspil-maj","/online-casino/kapow-casino/","301","plain"
"/casino-kampagner/mrgreen-25-cash-spins-big-bass-splash","/online-casino/mrgreen/","301","plain"
"/casino-kampagner/royalcasino-gratis-spins-crown-frenzy-bonus","/online-casino/royal-casino/","301","plain"
"/casino-kampagner/mrgreen-20-cash-spins-gates-of-olympus","/online-casino/mrgreen/","301","plain"
"/casino-kampagner/888casino-88-cash-spins-til-888-megaways-bonus","/online-casino/888-casino/","301","plain"
"/casino-kampagner/spilleautomaten-100-procent-indbetalingsbonus-legion-gold-reckoning","/online-casino/spilleautomaten/","301","plain"
"/casino-kampagner/royalcasino-50-gratis-spins-zeus-vs-hades-gods-of-war","/online-casino/royal-casino/","301","plain"
"/casino-kampagner/vbet-70-free-spins-gates-of-olympus-sugar-rush","/online-casino/vbet/","301","plain"
"/casino-kampagner/mr-green-20-cash-spins-big-bass-splash-england-vs-argentina","/online-casino/mrgreen/","301","plain"
"/casino-kampagner/royalcasino-5-super-free-spins-dark-waters-3-power-combo","/online-casino/royal-casino/","301","plain"
"/casino-kampagner/spildansknu-5-gratis-spins-legion-gold","/online-casino/spildansknu/","301","plain"
"/casino-kampagner/vbet-3x-100-procent-bonus-op-til-50-kr-til-casino","/online-casino/vbet/","301","plain"
"/casino-kampagner/royalcasino-gratis-spins-12-masks-of-fire-night-fever","/online-casino/royal-casino/","301","plain"
"/casino-kampagner/spilleautomaten-5-gratis-spins-throne-of-flame","/online-casino/spilleautomaten/","301","plain"
"/casino-kampagner/mr-green-faa-25-cash-spins-til-udvalgte-spillemaskiner","/online-casino/mrgreen/","301","plain"
"/casino-kampagner/royalcasino-10-gratis-spins-le-prechaun-bonus","/online-casino/royal-casino/","301","plain"
"/casino-kampagner/royalcasino-gratis-spins-pirots-5-bonus","/online-casino/royal-casino/","301","plain"
"/casino-kampagner/spilleautomaten-legion-gold-100-indbetalingsbonus-75-kr","/online-casino/spilleautomaten/","301","plain"
"/casino-kampagner/vbet-100-indbetalingsbonus-op-til-100-kr-casino","/online-casino/vbet/","301","plain"
"/casino-kampagner/888casino-44-cash-spins-honey-rush-wild-falls-2-photo-safari","/online-casino/888-casino/","301","plain"
"/casino-kampagner/royalcasino-20-gratis-spins-book-of-dead","/online-casino/royal-casino/","301","plain"
"/casino-kampagner/royalcasino-100-gratis-spins-sleeping-dragon-ultra-dark","/online-casino/royal-casino/","301","plain"
"/casino-kampagner/vbet-op-til-100-free-spins-pirots-5","/online-casino/vbet/","301","plain"
"/casino-kampagner/mrgreen-50kr-festivalbonus-spillemaskiner-live-casino","/online-casino/mrgreen/","301","plain"
"/casino-kampagner/royalcasino-gratis-spins-break-the-sweet-bank","/free-spins-uden-indbetaling/","301","plain"
"/casino-kampagner/leovegas-indbetalingsbonus","/online-casino/leovegas/","301","plain"
"/casino-kampagner/expekt-casino-bonus","/online-casino/expekt/","301","plain"
"/casino-kampagner/royalcasino-gratis-spins-pirots-5-the-kraken","/online-casino/royal-casino/","301","plain"
"/casino-kampagner/royal-casino-100kr-juli-bonus-til-eksklusive-spilleautomater","/online-casino/royal-casino/","301","plain"
"/casino-kampagner/leovegas-10-gratis-spins-pirots-5-uden-omsaetningskrav","/online-casino/leovegas/","301","plain"
"/casino-kampagner/betano-10-free-spins-jelly-express","/online-casino/betano/","301","plain"
"/casino-kampagner/mrgreen-25-cash-spins-til-udvalgte-spilleautomater","/online-casino/mrgreen/","301","plain"
"/casino-kampagner/spilleautomaten-75-kr-bonus-le-pharaoh-death-becomes-you","/online-casino/spilleautomaten/","301","plain"
"/casino-kampagner/royalcasino-20-gratis-spins-golden-retriever","/online-casino/royal-casino/","301","plain"